[
  {
    "outputFileName": "wwwroot/assets/js/module/login.min.js",
    "inputFiles": [
      "wwwroot/assets/js/module/login.js"
    ]
  },
  {
    "outputFileName": "wwwroot/assets/js/module/home-page.min.js",
    "inputFiles": [
      "wwwroot/assets/js/module/home-page.js"
    ]
  },
  {
    "outputFileName": "wwwroot/assets/css/default.min.css",
    "inputFiles": [
      "wwwroot/assets/css/default.css"
    ]
  },
  {
    "outputFileName": "EmailContent.min.html",
    "inputFiles": [
      "EmailContent.html"
    ]
  }
]
